{
    "routes": [
        {
            "id": "1",
            "name": "Route 1",
            "stops": [1, 2, 3, 4, 5]
        },
        {
            "id": "2",
            "name": "Route 2",
            "stops": [6, 7, 8, 9, 10]
        },
        {
            "id": "3",
            "name": "Route 3",
            "stops": [11, 12, 13, 14, 15]
        },
        {
            "id": "4",
            "name": "Route 4",
            "stops": [16, 17, 18, 19, 20]
        },
        {
            "id": "5",
            "name": "Route 5",
            "stops": [21, 22, 23, 24, 25]
        }
    ]
}