{
    "stops": [
      {
        "id": 1,
        "name": "Lviv Stop 1",
        "latitude": 49.8326,
        "longitude": 24.0146
      },
      {
        "id": 2,
        "name": "Lviv Stop 2",
        "latitude": 49.8421,
        "longitude": 24.0254
      },
      {
        "id": 3,
        "name": "Lviv Stop 3",
        "latitude": 49.8357,
        "longitude": 24.0321
      },
      {
        "id": 4,
        "name": "Lviv Stop 4",
        "latitude": 49.8392,
        "longitude": 24.0189
      },
      {
        "id": 5,
        "name": "Lviv Stop 5",
        "latitude": 49.8314,
        "longitude": 24.0098
      },
      {
        "id": 6,
        "name": "Lviv Stop 6",
        "latitude": 49.8378,
        "longitude": 24.0223
      },
      {
        "id": 7,
        "name": "Lviv Stop 7",
        "latitude": 49.8445,
        "longitude": 24.0167
      },
      {
        "id": 8,
        "name": "Lviv Stop 8",
        "latitude": 49.8293,
        "longitude": 24.0275
      },
      {
        "id": 9,
        "name": "Lviv Stop 9",
        "latitude": 49.8412,
        "longitude": 24.0198
      },
      {
        "id": 10,
        "name": "Lviv Stop 10",
        "latitude": 49.8364,
        "longitude": 24.0132
      },
      {
        "id": 11,
        "name": "Kharkiv Stop 1",
        "latitude": 49.9935,
        "longitude": 36.2304
      },
      {
        "id": 12,
        "name": "Kharkiv Stop 2",
        "latitude": 49.9887,
        "longitude": 36.2356
      },
      {
        "id": 13,
        "name": "Kharkiv Stop 3",
        "latitude": 49.9912,
        "longitude": 36.2289
      },
      {
        "id": 14,
        "name": "Kharkiv Stop 4",
        "latitude": 49.9854,
        "longitude": 36.2321
      },
      {
        "id": 15,
        "name": "Kharkiv Stop 5",
        "latitude": 49.9901,
        "longitude": 36.2267
      },
      {
        "id": 16,
        "name": "Kharkiv Stop 6",
        "latitude": 49.9876,
        "longitude": 36.2298
      },
      {
        "id": 17,
        "name": "Kharkiv Stop 7",
        "latitude": 49.9843,
        "longitude": 36.2315
      },
      {
        "id": 18,
        "name": "Kharkiv Stop 8",
        "latitude": 49.9895,
        "longitude": 36.2273
      },
      {
        "id": 19,
        "name": "Kharkiv Stop 9",
        "latitude": 49.9867,
        "longitude": 36.2338
      },
      {
        "id": 20,
        "name": "Kharkiv Stop 10",
        "latitude": 49.9923,
        "longitude": 36.2301
      },
      {
        "id": 21,
        "name": "Kyiv Stop 1",
        "latitude": 50.4501,
        "longitude": 30.5234
      },
      {
        "id": 22,
        "name": "Kyiv Stop 2",
        "latitude": 50.4476,
        "longitude": 30.5289
      },
      {
        "id": 23,
        "name": "Kyiv Stop 3",
        "latitude": 50.4498,
        "longitude": 30.5217
      },
      {
        "id": 24,
        "name": "Kyiv Stop 4",
        "latitude": 50.4453,
        "longitude": 30.5256
      },
      {
        "id": 25,
        "name": "Kyiv Stop 5",
        "latitude": 50.4489,
        "longitude": 30.5201
      },
      {
        "id": 26,
        "name": "Kyiv Stop 6",
        "latitude": 50.4467,
        "longitude": 30.5228
      },
      {
        "id": 27,
        "name": "Kyiv Stop 7",
        "latitude": 50.4432,
        "longitude": 30.5243
      },
      {
        "id": 28,
        "name": "Kyiv Stop 8",
        "latitude": 50.4471,
        "longitude": 30.5195
      },
      {
        "id": 29,
        "name": "Kyiv Stop 9",
        "latitude": 50.4448,
        "longitude": 30.5267
      },
      {
        "id": 30,
        "name": "Kyiv Stop 10",
        "latitude": 50.4495,
        "longitude": 30.5231
      }
    ]
  }