{
    "vehicles": [
        {
            "id": "1",
            "latitude": 37.7749,
            "longitude": -122.4194,
            "timestamp": 1717236000,
            "route_id": "1"
        },
        {
            "id": "2",
            "latitude": 37.7749,
            "longitude": -122.4194,
            "timestamp": 1717236000,
            "route_id": "2"
        },
        {
            "id": "3",
            "latitude": 37.7749,
            "longitude": -122.4194,
            "timestamp": 1717236000,
            "route_id": "3"
        },
        {
            "id": "4",
            "latitude": 37.7749,
            "longitude": -122.4194,
            "timestamp": 1717236000,
            "route_id": "2"
        },
        {
            "id": "5",
            "latitude": 37.7749,
            "longitude": -122.4194,
            "timestamp": 1717236000,
            "route_id": "4"
        }
    ]
}